1,シャネル,バッグ,マトラッセ
2,ロレックス,腕時計,デイトナ
3,カルティエ,腕時計,タンクフランセーズ
4,プラダ,バッグ,ヴェラ
5,ロレックス,腕時計,サブマリーナ
6,セリーヌ,バッグ,ラゲージ
7,ルイヴィトン,バッグ,モノグラム
8,カルティエ,腕時計,タンク ルイ
9,ディオール,バッグ,レディディオール
10,シャネル,バッグ,ボーイシャネル
11,ルイヴィトン,バッグ,エピ
12,カルティエ,腕時計,バロンブルー
13,カルティエ,腕時計,ロンドソロ
14,クロエ,バッグ,クロエC
15,プラダ,バッグ,サフィアーノレザー
16,エルメス,バッグ,コンスタンス
17,ロレックス,腕時計,エクスプローラー
18,ディオール,バッグ,ブックトート
19,カルティエ,腕時計,タンク マスト
20,セリーヌ,バッグ,トリオンフ
21,グッチ,バッグ,GGマーモント
22,エルメス,バッグ,バーキン
23,グッチ,バッグ,GGオフディア
24,クロエ,バッグ,フェイ
25,ルイヴィトン,バッグ,ダミエ
26,サンローラン,バッグ,カサンドラ
27,カルティエ,腕時計,パシャ
28,フェンディ,バッグ,ピーカブー
29,シャネル,バッグ,ココハンドル
30,ルイヴィトン,バッグ,モノグラム
31,ロレックス,腕時計,オイスターパーペチュアル
